Player Name,Club,Position,Appearances,Squawka Score,Goals Scored,Shot Accuracy,POTM,Chances Created,Average Pass Accuracy,Average Pass Length,Duels Won,Average Defensive Actions,Defensive Errors,Yellow Cards,Red Cards,Points
Joël Veltman,Ajax,Defender,16,534,1,31,0,15,87,19,52,6,0,5,0,125.21666666666667,
Matthijs de Ligt,Ajax,Defender,16,484,2,27,0,5,91,19,50,7,1,4,0,120.58333333333334,
Maximilian Wöber,Ajax,Defender,11,311,1,29,0,1,86,19,66,4,0,1,0,88.65,
Davinson Sánchez,Tottenham Hotspur,Defender,12,231,0,20,0,0,90,21,51,6,0,0,1,79.8,
Daley Sinkgraven,Ajax,Defender,4,61,0,0,0,2,88,18,50,1,0,0,0,26.833333333333336,
Nick Viergever,Ajax,Defender,12,369,2,75,0,13,87,18,38,6,0,2,0,98.65,
Mitchell Dijks,Ajax,Defender,7,140,0,25,0,5,84,16,68,3,0,0,0,60.983333333333334,
Damil Dankerlui,Ajax,Defender,0,0,0,0,0,0,0,0,0,0,0,0,0,0.0,
Donny van de Beek,Ajax,Midfielder,16,403,6,48,0,19,82,16,50,3,0,3,0,148.8,
Hakim Ziyech,Ajax,Midfielder,16,688,4,39,0,69,75,21,50,2,0,1,0,182.0,
Robert Muric,Sporting Braga,Midfielder,0,0,0,0,0,0,0,0,0,0,0,0,0,0.0,
Lasse Schöne,Ajax,Midfielder,13,446,7,71,0,16,86,17,48,2,0,5,0,127.55000000000001,
Frenkie de Jong,Ajax,Midfielder,13,510,0,33,0,18,92,16,72,2,0,1,0,108.3,
Siem de Jong,Ajax,Midfielder,9,90,3,56,0,1,71,15,31,0,0,0,0,56.95,
Klaas-Jan Huntelaar,Ajax,Forward,12,345,5,67,0,13,72,12,45,1,0,2,0,99.95,
Amin Younes,Ajax,Forward,9,317,1,56,0,16,80,15,56,1,0,0,0,72.6,
Vaclav Cerny,Ajax,Forward,4,87,0,67,0,9,88,15,44,0,0,0,0,34.75,
Mateo Cassierra,Ajax,Forward,0,0,0,0,0,0,0,0,0,0,0,0,0,0.0,
Kasper Dolberg,Ajax,Forward,16,124,4,51,0,13,76,12,44,0,0,0,0,115.05,
Bart Nieuwkoop,Feyenoord,Defender,5,140,0,40,0,7,82,15,59,5,0,1,0,52.41666666666667,
Sven van Beek,Feyenoord,Defender,5,157,0,100,0,3,85,21,41,5,0,0,0,42.416666666666664,
Jeremiah St. Juste,Feyenoord,Defender,9,174,0,29,0,3,89,20,53,5,0,0,0,68.55,
Ridgeciano Haps,Feyenoord,Defender,11,209,0,33,0,5,85,19,66,4,0,2,0,86.65,
Jan-Arie van der Hei..,Feyenoord,Defender,6,133,0,33,0,0,86,23,56,6,0,3,0,49.4,
Kevin Diks,Feyenoord,Defender,9,166,0,29,0,6,85,20,47,5,0,0,0,68.7,
Miquel Nelom,Feyenoord,Defender,6,92,0,100,0,2,87,22,52,3,0,0,0,44.3,
Eric Botteghin,Feyenoord,Defender,5,165,0,25,0,5,87,22,57,6,0,0,0,53.25,
Tyrell Malacia,Feyenoord,Defender,1,1,0,0,0,0,82,18,80,1,0,0,0,10.333333333333332,
Karim El Ahmadi,Feyenoord,Midfielder,15,305,1,47,0,15,88,16,43,2,0,0,0,111.125,
Tonny Vilhena,Feyenoord,Midfielder,15,196,3,48,0,21,81,16,43,2,1,2,0,122.5,
Renato Tapia,Feyenoord,Midfielder,6,199,0,50,0,0,85,23,49,10,0,0,0,92.1,
Sofyan Amrabat,Feyenoord,Midfielder,11,4,0,40,0,9,83,19,54,1,1,2,0,72.675,
Jens Toornstra,Feyenoord,Midfielder,14,102,3,38,0,20,82,17,21,1,0,2,0,103.05,
Emil Hansson,Feyenoord,Midfielder,0,0,0,0,0,0,0,0,0,0,0,0,0,0.0,
Jordy Wehrmann,Feyenoord,Midfielder,0,0,0,0,0,0,0,0,0,0,0,0,0,0.0,
Jean-Paul Boëtius,Feyenoord,Forward,15,222,3,53,0,15,78,18,57,0,0,0,0,109.875,
Nicolai Jørgensen,Feyenoord,Forward,12,278,5,71,0,19,77,14,52,1,0,2,0,110.15,
Sam Larsson,Feyenoord,Forward,11,350,2,52,0,27,75,15,54,2,0,0,0,98.675,
Bilal Basacikoglu,Feyenoord,Forward,4,7,0,33,0,3,85,20,50,0,0,0,0,23.55,
Steven Berghuis,Feyenoord,Forward,14,504,8,44,0,29,76,20,50,1,0,3,1,132.25,
Michiel Kramer,Feyenoord,Forward,8,2,0,40,0,5,65,14,41,0,0,0,0,43.25,
Dylan Vente,Feyenoord,Forward,2,22,0,0,0,1,82,12,0,0,0,0,0,9.35,
Cheick Toure,Feyenoord,Forward,1,6,0,0,0,1,82,12,0,0,0,0,0,5.3,
Dan-Axel Zagadou,Borussia Dortmund,Defender,11,150,1,14,0,2,82,18,55,3,1,0,1,76.83333333333334,
Joo-Ho Park,Borussia Dortmund,Defender,0,0,0,0,0,0,0,0,0,0,0,0,0,0.0,
Neven Subotic,Borussia Dortmund,Defender,2,9,0,0,0,0,83,22,59,9,0,0,0,38.86666666666667,
Marc Bartra,Borussia Dortmund,Defender,12,280,2,60,0,4,80,20,57,7,1,1,0,106.6,
Raphael Guerreiro,Borussia Dortmund,Defender,5,63,1,75,0,2,86,18,48,2,0,0,0,40.5,
Jeremy Toljan,Borussia Dortmund,Defender,7,14,0,0,0,5,83,16,55,4,0,1,0,56.91666666666667,
Jan-Niklas Beste,Borussia Dortmund,Defender,0,0,0,0,0,0,0,0,0,0,0,0,0,0.0,
Sokratis,Borussia Dortmund,Defender,14,425,2,60,0,4,87,22,58,5,0,2,1,109.13333333333333,
Lukasz Piszczek,Borussia Dortmund,Defender,7,237,0,17,0,6,85,18,52,4,0,0,0,57.766666666666666,
Marcel Schmelzer,Borussia Dortmund,Defender,7,95,0,0,0,8,84,16,53,5,0,1,0,62.733333333333334,
Ömer Toprak,Borussia Dortmund,Defender,10,296,0,25,0,4,91,21,54,5,1,1,0,75.0,
Erik Durm,Borussia Dortmund,Defender,0,0,0,0,0,0,0,0,0,0,0,0,0,0.0,
Nuri Sahin,Borussia Dortmund,Midfielder,11,269,2,55,0,14,84,18,47,3,0,1,0,99.025,
Mario Götze,Borussia Dortmund,Midfielder,10,164,1,100,0,18,83,15,53,1,0,1,0,82.0,
Sebastian Rode,Borussia Dortmund,Midfielder,0,0,0,0,0,0,0,0,0,0,0,0,0,0.0,
Mahmoud Dahoud,Borussia Dortmund,Midfielder,9,123,0,29,0,9,86,16,29,1,0,0,0,58.875,
André Schürrle,Borussia Dortmund,Midfielder,3,7,0,71,0,2,75,12,39,0,0,0,0,16.55,
Christian Pulisic,Borussia Dortmund,Midfielder,14,147,2,50,0,14,81,15,42,2,0,0,0,107.05,
Shinji Kagawa,Borussia Dortmund,Midfielder,11,245,3,55,0,4,87,17,52,0,0,0,0,79.225,
Gonzalo Castro,Borussia Dortmund,Midfielder,11,175,0,33,0,29,87,19,35,1,0,1,0,89.55,
Felix Passlack,TSG 1899 Hoffenheim,Midfielder,2,19,0,0,0,1,83,21,100,1,0,0,0,20.15,
Julian Weigl,Borussia Dortmund,Midfielder,9,212,1,50,0,3,87,18,43,3,0,1,0,72.25,
Andriy Yarmolenko,Borussia Dortmund,Forward,11,233,2,59,0,23,79,17,43,1,0,0,0,96.7,
Marco Reus,Borussia Dortmund,Forward,0,0,0,0,0,0,0,0,0,0,0,0,0,0.0,
Alexander Isak,Borussia Dortmund,Forward,2,7,0,0,0,0,0,12,33,0,0,0,0,4.0,
Pierre-Emerick Aubam..,Borussia Dortmund,Forward,14,384,12,58,0,13,76,14,31,0,0,1,1,135.15,
Maximilian Philipp,Borussia Dortmund,Forward,10,334,6,48,0,12,74,15,55,1,0,0,0,89.5,
Emre Mor,Celta de Vigo,Forward,8,47,1,67,0,4,77,14,65,0,0,1,0,52.8,
Jacob Bruun Larsen,Borussia Dortmund,Forward,1,6,0,0,0,0,100,20,25,0,0,0,0,4.5,
Niklas Süle,FC Bayern München,Defender,12,347,1,33,0,3,94,21,50,4,0,0,0,85.75,
Mats Hummels,FC Bayern München,Defender,14,430,1,27,0,3,88,22,53,4,1,1,0,98.21666666666667,
Javi Martínez,FC Bayern München,Defender,10,211,0,8,0,5,87,19,58,4,0,1,0,75.91666666666666,
Rafinha,FC Bayern München,Defender,12,303,0,67,0,11,89,18,44,3,0,2,0,79.95,
Juan Bernat,FC Bayern München,Defender,2,18,0,0,0,1,97,18,44,2,0,0,0,17.116666666666667,
Jérôme Boateng,FC Bayern München,Defender,8,243,0,25,0,6,89,25,44,2,0,1,0,51.96666666666667,
Felix Götze,FC Bayern München,Defender,0,0,0,0,0,0,0,0,0,0,0,0,0,0.0,
David Alaba,FC Bayern München,Defender,11,286,1,33,0,8,89,16,39,2,0,1,0,71.6,
Marco Friedl,FC Bayern München,Defender,1,11,0,0,0,1,90,18,25,1,0,0,0,7.916666666666667,
Thiago Alcántara,FC Bayern München,Midfielder,9,368,1,29,0,15,92,19,54,3,0,2,0,86.85,
Franck Ribéry,FC Bayern München,Midfielder,9,134,0,43,0,19,89,17,60,1,0,0,0,76.525,
Arjen Robben,FC Bayern München,Midfielder,11,298,3,58,0,15,86,16,50,1,0,0,0,95.4,
James Rodríguez,FC Bayern München,Midfielder,11,396,2,54,0,24,90,20,52,1,0,1,0,100.05,
Sebastian Rudy,FC Bayern München,Midfielder,12,254,0,43,0,10,90,18,57,1,0,0,0,84.1,
Arturo Vidal,FC Bayern München,Midfielder,13,472,5,58,0,22,91,18,42,2,1,4,0,124.225,
Corentin Tolisso,FC Bayern München,Midfielder,14,351,2,50,0,5,90,18,49,1,0,3,0,94.65,
Niklas Dorsch,FC Bayern München,Midfielder,0,0,0,0,0,0,0,0,0,0,0,0,0,0.0,
Joshua Kimmich,FC Bayern München,Midfielder,16,518,1,20,0,39,90,20,51,2,0,1,0,143.4,
Timothy Tillman,FC Bayern München,Midfielder,0,0,0,0,0,0,0,0,0,0,0,0,0,0.0,
Renato Sanches,Swansea City,Midfielder,9,17,0,0,0,4,82,17,53,1,1,1,0,57.375,
Fabian Benko,FC Bayern München,Midfielder,0,0,0,0,0,0,0,0,0,0,0,0,0,0.0,
Mario Crnicki,FC Bayern München,Forward,0,0,0,0,0,0,0,0,0,0,0,0,0,0.0,
Robert Lewandowski,FC Bayern München,Forward,16,507,15,57,0,17,80,14,36,1,0,0,0,168.05,
Thomas Müller,FC Bayern München,Forward,12,92,1,41,0,22,74,15,34,1,1,2,0,88.0,
Kingsley Coman,FC Bayern München,Forward,14,361,2,56,0,17,87,18,63,1,0,0,0,107.3,
Milos Pantovic,FC Bayern München,Forward,0,0,0,0,0,0,0,0,0,0,0,0,0,0.0,
Diego Godín,Atlético de Madrid,Defender,12,283,0,50,0,0,86,22,52,8,1,3,0,86.6,
Filipe Luis,Atlético de Madrid,Defender,10,297,1,50,0,9,84,16,55,3,0,2,0,80.91666666666666,
Stefan Savic,Atlético de Madrid,Defender,13,222,0,0,0,1,81,23,42,9,0,3,0,87.65,
Sime Vrsaljko,Atlético de Madrid,Defender,4,4,0,0,0,2,66,18,41,5,0,2,0,34.43333333333334,
Lucas Hernández,Atlético de Madrid,Defender,10,167,0,0,0,2,84,16,57,5,0,2,0,73.5,
Juanfran,Atlético de Madrid,Defender,8,17,0,0,0,2,77,16,33,5,0,3,0,48.1,
José Giménez,Atlético de Madrid,Defender,8,84,1,25,0,2,78,22,60,4,1,0,0,68.5,
Sergio González,Atlético de Madrid,Defender,0,0,0,0,0,0,0,0,0,0,0,0,0,0.0,
Thomas Partey,Atlético de Madrid,Midfielder,14,208,2,25,0,3,82,17,49,3,1,2,0,102.85,
Koke,Atlético de Madrid,Midfielder,12,136,2,86,0,19,82,17,49,2,0,2,0,102.3,
Saúl Ñíguez,Atlético de Madrid,Midfielder,15,281,2,30,0,10,83,16,42,5,0,4,0,122.875,
Yannick Carrasco,Atlético de Madrid,Midfielder,11,103,3,50,0,12,79,14,46,0,0,3,0,80.375,
Augusto Fernández,Atlético de Madrid,Midfielder,3,19,0,0,0,1,83,14,40,2,0,0,0,28.225,
Gabi,Atlético de Madrid,Midfielder,14,88,0,0,0,4,84,19,40,3,0,3,0,90.4,
Nicolás Gaitán,Atlético de Madrid,Midfielder,6,33,0,75,0,5,79,16,46,1,0,0,0,41.75,
Antoine Griezmann,Atlético de Madrid,Forward,12,260,5,68,0,21,77,15,44,1,0,3,1,107.75,
Fernando Torres,Atlético de Madrid,Forward,10,7,0,40,0,2,60,12,54,0,0,0,0,47.5,
Ángel Correa,Atlético de Madrid,Forward,15,9,4,74,0,13,72,14,39,1,0,2,0,115.0,
Luciano Vietto,Atlético de Madrid,Forward,6,10,0,17,0,1,86,12,43,1,0,1,0,27.7,
Diego Costa,Atlético de Madrid,Forward,0,0,0,0,0,0,0,0,0,0,0,0,0,0.0,
Kevin Gameiro,Atlético de Madrid,Forward,9,110,3,89,0,5,80,10,38,1,0,0,0,74.275,
Sébastien Corchia,Sevilla,Defender,8,32,0,100,0,3,82,17,52,4,0,3,0,56.483333333333334,
Lionel Carole,Sevilla,Defender,5,67,0,50,0,3,83,17,52,7,0,0,0,52.08333333333333,
Simon Kjaer,Sevilla,Defender,11,186,0,0,0,1,87,19,52,8,0,1,0,84.38333333333333,
Clément Lenglet,Sevilla,Defender,15,164,2,100,0,1,84,20,44,6,0,5,0,100.25,
Daniel Carriço,Sevilla,Defender,3,58,0,0,0,1,88,20,43,6,0,1,0,32.85,
Sergio Escudero,Sevilla,Defender,10,99,0,33,0,3,80,18,52,5,1,2,0,71.41666666666666,
Nico Pareja,Sevilla,Defender,2,47,0,0,0,0,91,23,23,6,0,0,0,25.066666666666666,
Gabriel Mercado,Sevilla,Defender,11,66,0,45,0,5,81,17,39,5,0,3,0,68.85,
Michael Krohn-Dehli,Sevilla,Midfielder,12,36,1,50,0,2,85,17,43,1,0,0,0,75.4,
Walter Montoya,Sevilla,Midfielder,1,23,0,0,0,1,70,17,36,3,0,0,0,23.65,
Éver Banega,Sevilla,Midfielder,13,172,2,56,0,22,90,20,54,1,0,3,1,104.8,
Ganso,Sevilla,Midfielder,7,87,2,60,0,7,83,14,41,1,0,0,0,58.7,
Joaquín Correa,Sevilla,Midfielder,8,54,0,50,0,6,86,15,51,1,0,2,0,53.4,
Johannes Geis,Sevilla,Midfielder,6,82,0,0,0,2,88,17,52,4,0,0,0,59.0,
Guido Pizarro,Sevilla,Midfielder,12,126,1,50,0,2,87,18,44,4,0,4,0,90.3,
Steven N'Zonzi,Sevilla,Midfielder,10,196,0,25,0,3,90,17,58,2,1,1,0,71.0,
Jesús Navas,Sevilla,Midfielder,14,48,1,38,0,12,74,16,36,1,0,2,0,87.5,
Pablo Sarabia,Sevilla,Midfielder,14,211,1,67,0,17,82,16,40,2,0,1,0,103.7,
Franco Vázquez,Sevilla,Midfielder,11,14,1,29,0,18,76,15,41,1,0,3,0,80.175,
Borja Lasso,Sevilla,Midfielder,1,8,0,0,0,1,74,16,10,0,0,0,0,5.1,
Wissam Ben Yedder,Sevilla,Forward,9,100,3,72,0,10,78,12,32,0,0,0,0,76.25,
Luis Muriel,Sevilla,Forward,12,62,3,54,0,9,77,13,31,0,1,2,0,84.55,
Nolito,Sevilla,Forward,11,62,2,60,0,11,70,16,54,1,0,2,0,77.5,
Thiago Silva,Paris Saint-Germain,Defender,11,411,0,14,0,2,96,18,54,6,0,1,0,81.1,
Presnel Kimpembe,Paris Saint-Germain,Defender,12,393,0,40,0,1,95,17,55,5,0,4,0,80.25,
Marquinhos,Paris Saint-Germain,Defender,12,367,0,0,0,2,94,19,50,6,1,1,0,83.5,
Thomas Meunier,Paris Saint-Germain,Defender,8,200,3,60,0,7,85,14,39,3,1,2,0,70.55,
Yuri,Paris Saint-Germain,Defender,11,138,0,25,0,5,88,13,57,3,0,3,0,76.05,
Layvin Kurzawa,Paris Saint-Germain,Defender,9,197,1,25,0,5,87,12,41,4,0,1,0,65.85,
Alec Georgen,Paris Saint-Germain,Defender,0,0,0,0,0,0,0,0,0,0,0,0,0,0.0,
Dani Alves,Paris Saint-Germain,Defender,12,361,0,30,0,18,88,15,49,2,0,3,0,88.7,
Lorenzo Callegari,Paris Saint-Germain,Midfielder,0,0,0,0,0,0,0,0,0,0,0,0,0,0.0,
Marco Verratti,Paris Saint-Germain,Midfielder,13,243,0,0,0,17,91,16,51,2,3,5,1,93.15,
Lucas Moura,Paris Saint-Germain,Midfielder,5,64,1,67,0,1,90,15,42,0,0,1,0,31.5,
Gonçalo Guedes,Portugal,Midfielder,0,0,0,0,0,0,0,0,0,0,0,0,0,0.0,
Thiago Motta,Paris Saint-Germain,Midfielder,8,268,1,33,0,7,95,17,37,3,0,2,0,70.4,
Ángel Di María,Paris Saint-Germain,Midfielder,13,301,2,62,0,19,80,15,38,0,0,0,0,93.35,
Giovani Lo Celso,Paris Saint-Germain,Midfielder,13,136,0,50,0,5,91,16,56,1,0,0,0,84.775,
Grzegorz Krychowiak,West Bromwich Albion,Midfielder,10,142,0,20,0,3,82,19,56,4,0,1,0,80.5,
Hatem Ben Arfa,Paris Saint-Germain,Midfielder,0,0,0,0,0,0,0,0,0,0,0,0,0,0.0,
Julian Draxler,Paris Saint-Germain,Midfielder,14,354,2,63,0,13,93,16,50,2,0,1,0,112.05,
Christopher Nkunku,Paris Saint-Germain,Midfielder,5,7,0,0,0,0,98,12,30,1,0,0,0,32.0,
Adrien Rabiot,Paris Saint-Germain,Midfielder,17,582,1,36,0,17,93,15,53,2,1,1,0,129.05,
Javier Pastore,Paris Saint-Germain,Midfielder,11,237,4,44,0,12,84,14,48,1,0,0,0,96.3,
Edinson Cavani,Paris Saint-Germain,Forward,16,740,17,65,0,17,78,14,48,1,0,0,0,178.45,
Neymar,Paris Saint-Germain,Forward,12,863,9,69,0,47,77,15,65,0,0,5,1,154.55,
Kylian Mbappe,Paris Saint-Germain,Forward,12,356,6,50,0,21,83,13,58,0,0,2,0,112.15,
Dinis Almeida,Monaco,Defender,0,0,0,0,0,0,0,0,0,0,0,0,0,0.0,
Raphael Diarra,Monaco,Defender,0,0,0,0,0,0,0,0,0,0,0,0,0,0.0,
Terence Kongolo,Monaco,Defender,2,23,0,0,0,1,74,18,33,11,0,0,0,42.65,
Jemerson,Monaco,Defender,16,373,2,29,0,1,88,21,48,8,1,6,0,114.45,
Jorge,Monaco,Defender,14,258,0,0,0,10,77,18,49,7,0,6,0,101.23333333333333,
Djibril Sidibe,Monaco,Defender,11,135,1,50,0,13,85,16,43,4,0,3,0,84.78333333333333,
Pierre-Daniel Nguind..,Monaco,Defender,0,0,0,0,0,0,0,0,0,0,0,0,0,0.0,
Andrea Raggi,Monaco,Defender,5,35,0,0,0,0,80,20,31,6,0,0,0,38.333333333333336,
Kamil Glik,Monaco,Defender,17,429,2,40,0,6,81,23,48,9,1,3,0,131.9,
Kevin N'Doram,Monaco,Defender,2,13,0,0,0,1,86,19,36,4,0,1,0,21.05,
Almamy Touré,Monaco,Defender,8,21,0,0,0,6,72,16,40,4,0,3,0,53.83333333333333,
Fabinho,Monaco,Midfielder,16,325,2,50,0,17,86,19,50,3,0,4,0,127.4,
Rachid Ghezzal,Monaco,Midfielder,10,84,1,57,0,8,75,17,47,1,0,1,0,68.5,
João Moutinho,Monaco,Midfielder,14,343,1,60,0,29,87,18,40,3,0,3,0,121.45,
Youri Tielemans,Monaco,Midfielder,12,83,0,63,0,9,81,20,43,3,1,0,0,88.2,
Soualiho Meité,Monaco,Midfielder,2,3,0,0,0,1,81,17,31,3,0,0,0,28.6,
Rony Lopes,Monaco,Midfielder,18,106,2,50,0,20,80,15,37,1,0,0,0,124.65,
Gabriel Boschilia,Monaco,Midfielder,3,15,0,100,0,0,100,9,20,0,0,0,0,15.0,
Thomas Lemar,Monaco,Midfielder,11,99,1,25,0,23,85,20,47,1,0,0,0,92.3,
Adama Traoré,Monaco,Midfielder,3,119,3,80,0,1,85,18,65,1,0,1,0,38.25,
Lacina Traoré,Amiens,Forward,7,21,0,100,0,4,61,12,48,1,0,0,0,47.175,
Falcao,Monaco,Forward,15,372,14,60,0,5,75,13,41,1,0,1,0,141.875,
Stevan Jovetic,Monaco,Forward,6,52,2,33,0,2,68,14,39,0,0,0,0,37.65,
Guido Carrillo,Monaco,Forward,14,132,4,55,0,4,64,11,45,1,0,1,0,89.65,
Keita,Monaco,Forward,11,61,3,36,0,6,77,13,47,0,0,1,0,71.575,
Adama Diakhaby,Monaco,Forward,10,31,1,43,0,5,81,15,32,1,0,0,0,61.25,
Jordi Mboula,Monaco,Forward,0,0,0,0,0,0,0,0,0,0,0,0,0,0.0,
Moussa Sylla,Monaco,Forward,0,0,0,0,0,0,0,0,0,0,0,0,0,0.0,
Mattia De Sciglio,Juventus,Defender,3,102,1,100,0,0,89,17,55,5,0,0,0,38.0,
Giorgio Chiellini,Juventus,Defender,11,275,0,0,0,1,86,21,49,9,0,1,0,85.18333333333334,
Medhi Benatia,Juventus,Defender,6,281,1,33,0,1,90,19,59,8,0,3,0,63.849999999999994,
Alex Sandro,Juventus,Defender,8,201,1,50,0,9,89,17,44,3,0,1,0,64.71666666666667,
Andrea Barzagli,Juventus,Defender,10,181,0,0,0,4,92,20,48,3,0,1,0,65.0,
Benedikt Höwedes,Juventus,Defender,1,53,0,0,0,1,98,19,0,3,0,0,0,12.25,
Daniele Rugani,Juventus,Defender,9,194,1,50,0,1,89,19,48,6,0,2,0,70.05,
Stephan Lichtsteiner,Juventus,Defender,13,111,0,0,0,4,83,17,52,2,0,3,0,79.06666666666666,
Miralem Pjanic,Juventus,Midfielder,13,434,2,50,0,26,91,19,37,3,1,1,0,120.6,
Sami Khedira,Juventus,Midfielder,9,184,3,67,0,4,83,15,65,2,0,1,0,81.3,
Juan Cuadrado,Juventus,Midfielder,12,280,2,40,0,24,88,18,61,1,1,2,0,106.7,
Claudio Marchisio,Juventus,Midfielder,4,0,0,50,0,1,89,19,20,1,0,0,0,25.9,
Douglas Costa,Juventus,Midfielder,11,315,1,86,0,21,86,16,65,0,0,0,0,89.525,
Blaise Matuidi,Juventus,Midfielder,13,122,0,25,0,9,94,16,39,2,0,2,0,88.225,
Marko Pjaca,Juventus,Midfielder,0,0,0,0,0,0,0,0,0,0,0,0,0,0.0,
Kwadwo Asamoah,Juventus,Midfielder,8,189,0,33,0,9,89,18,57,3,0,0,0,72.2,
Stefano Sturaro,Juventus,Midfielder,4,41,0,50,0,3,84,18,50,4,0,1,0,47.4,
Rodrigo Bentancur,Juventus,Midfielder,8,84,0,50,0,5,88,16,50,1,0,0,0,54.6,
Gonzalo Higuaín,Juventus,Forward,14,428,8,68,0,12,78,15,57,1,0,1,0,125.1,
Moise Kean,Verona,Forward,11,18,1,44,0,7,76,12,36,1,0,4,0,63.75,
Paulo Dybala,Juventus,Forward,15,756,12,54,0,22,85,16,58,1,0,0,0,157.625,
Mario Mandzukic,Juventus,Forward,13,311,3,67,0,13,78,14,57,2,2,2,1,96.375,
Federico Bernardesch..,Juventus,Forward,9,141,2,63,0,6,86,19,54,1,1,2,0,65.025,
Luca Pellegrini,Roma,Defender,0,0,0,0,0,0,0,0,0,0,0,0,0,0.0,
Juan Jesus,Roma,Defender,11,241,0,100,0,1,89,20,40,5,0,2,0,65.58333333333333,
Aleksandar Kolarov,Roma,Defender,14,765,2,36,0,42,85,18,60,4,1,0,0,160.5,
Héctor Moreno,Roma,Defender,5,103,0,0,0,0,94,18,47,2,0,0,0,31.666666666666664,
Federico Fazio,Roma,Defender,13,359,0,25,0,1,87,20,65,6,0,3,0,98.58333333333334,
Abdullahi Nura,Roma,Defender,0,0,0,0,0,0,0,0,0,0,0,0,0,0.0,
Bruno Peres,Roma,Defender,9,121,0,0,0,7,89,16,44,3,1,0,0,62.15,
Rick Karsdorp,Roma,Defender,1,20,0,0,0,0,85,18,50,1,0,0,0,8.333333333333334,
Emerson,Roma,Defender,1,5,0,0,0,0,100,14,0,0,0,0,0,2.0,
Kostas Manolas,Roma,Defender,9,195,1,100,0,0,87,20,58,8,2,0,0,82.8,
Leandro Castán,Roma,Defender,0,0,0,0,0,0,0,0,0,0,0,0,0,0.0,
Radja Nainggolan,Roma,Midfielder,12,271,2,36,0,24,85,18,56,1,0,4,0,102.3,
Kevin Strootman,Roma,Midfielder,12,63,1,25,0,8,86,15,34,2,0,1,0,84.0,
Lorenzo Pellegrini,Roma,Midfielder,10,236,1,73,0,20,83,17,46,2,1,0,0,89.25,
Daniele De Rossi,Roma,Midfielder,10,69,0,0,0,6,84,20,39,5,1,3,1,80.75,
Cengiz Ünder,Roma,Midfielder,8,73,0,56,0,5,73,18,61,1,0,0,0,53.8,
Maxime Gonalons,Roma,Midfielder,6,105,0,33,0,6,86,18,55,3,1,2,0,55.15,
Alessandro Florenzi,Roma,Midfielder,12,358,1,38,0,13,82,18,44,4,0,0,0,103.8,
Gerson,Roma,Midfielder,10,126,2,50,0,1,88,16,56,1,0,0,0,73.0,
Diego Perotti,Roma,Forward,12,369,3,50,0,22,87,15,58,1,0,0,0,104.6,
Edin Dzeko,Roma,Forward,15,437,8,49,0,25,73,14,49,1,0,1,0,138.0,
Patrik Schick,Roma,Forward,4,21,0,60,0,4,85,13,48,0,0,0,0,27.5,
Gregoire Defrel,Roma,Forward,7,17,0,50,0,4,84,12,24,1,0,1,0,41.45,
Marco Tumminello,Crotone,Forward,4,8,1,80,0,0,76,23,27,0,0,0,0,27.6,
Stephan El Shaarawy,Roma,Forward,13,405,4,50,0,19,85,14,47,1,0,0,0,109.625,
Stefan de Vrij,Lazio,Defender,14,468,3,100,0,2,93,21,51,8,0,2,0,118.1,
Patric,Lazio,Defender,6,30,0,0,0,0,88,19,48,3,0,1,0,39.2,
Jordan Lukaku,Lazio,Defender,11,49,0,100,0,6,80,14,44,1,0,1,0,63.766666666666666,
Dusan Basta,Lazio,Defender,7,32,0,40,0,5,78,17,33,3,0,0,0,44.65,
Wallace,Lazio,Defender,3,4,0,0,0,0,82,22,30,6,0,2,0,28.0,
Bastos,Lazio,Defender,11,301,3,100,0,2,92,19,60,5,0,1,0,100.5,
Stefan Radu,Lazio,Defender,15,236,0,33,0,5,87,16,56,6,0,3,0,107.25,
Luiz Felipe,Lazio,Defender,4,61,0,0,0,0,92,17,50,4,0,0,0,33.333333333333336,
Mauricio,Lazio,Defender,1,0,0,0,0,0,100,9,0,0,0,0,0,2.0,
Adam Marusic,Lazio,Defender,14,203,2,50,0,14,80,15,49,2,0,1,0,108.23333333333333,
Lucas Leiva,Lazio,Midfielder,14,193,0,50,0,9,88,17,46,5,0,3,0,110.9,
Felipe Anderson,Lazio,Midfielder,1,13,0,0,0,1,73,14,43,0,0,0,0,5.9,
Luca Crecco,Lazio,Midfielder,0,0,0,0,0,0,0,0,0,0,0,0,0,0.0,
Marco Parolo,Lazio,Midfielder,14,142,3,29,0,12,83,17,32,5,0,2,1,120.25,
Luis Alberto,Lazio,Midfielder,15,584,4,41,0,42,80,18,55,1,0,3,0,145.625,
Senad Lulic,Lazio,Midfielder,15,0,1,63,0,16,77,17,41,2,0,2,0,105.25,
Sergej Milinkovic-Sa..,Lazio,Midfielder,14,260,3,52,0,19,81,17,46,2,1,1,0,117.45,
Bruno Jordao,Lazio,Midfielder,0,0,0,0,0,0,0,0,0,0,0,0,0,0.0,
Christopher Ikonomid..,Lazio,Midfielder,0,0,0,0,0,0,0,0,0,0,0,0,0,0.0,
Davide Di Gennaro,Lazio,Midfielder,1,5,0,0,0,0,100,15,100,0,0,0,0,7.0,
Alessandro Murgia,Lazio,Midfielder,4,5,0,0,0,1,84,14,41,2,0,0,0,33.5,
Abukar Mohamed,Lazio,Midfielder,0,0,0,0,0,0,0,0,0,0,0,0,0,0.0,
Nani,Lazio,Forward,5,29,1,50,0,2,83,17,45,0,0,1,0,32.125,
Filip Djordjevic,Lazio,Forward,0,0,0,0,0,0,0,0,0,0,0,0,0,0.0,
Ricardo Kishna,ADO Den Haag,Forward,2,20,0,0,0,2,88,13,56,0,0,0,0,10.9,
Keita,Monaco,Forward,11,61,3,36,0,6,77,13,47,0,0,1,0,71.575,
Ciro Immobile,Lazio,Forward,15,535,15,65,0,17,79,14,45,0,0,2,1,160.25,
Felipe Caicedo,Lazio,Forward,10,5,1,67,0,2,73,14,39,0,0,0,0,61.5,
Simone Palombi,Lazio,Forward,1,7,0,0,0,0,86,15,0,1,0,0,0,4.15,
Pedro Neto,Lazio,Forward,0,0,0,0,0,0,0,0,0,0,0,0,0,0.0,
Brayan Perea,Lazio,Forward,0,0,0,0,0,0,0,0,0,0,0,0,0,0.0,
Cristiano Lombardi,Benevento,Forward,7,30,0,33,0,8,74,15,39,2,0,1,0,41.725,
Alessandro Rossi,Lazio,Forward,0,0,0,0,0,0,0,0,0,0,0,0,0,0.0,
Mário Rui,Napoli,Defender,5,29,0,0,0,5,90,14,29,1,0,2,0,26.916666666666664,
Christian Maggio,Napoli,Defender,7,57,0,0,0,1,83,15,48,3,0,0,0,46.65,
Ivan Strinic,Sampdoria,Defender,9,53,0,0,0,5,82,16,43,4,0,1,0,61.05,
Nikola Maksimovic,Napoli,Defender,1,14,0,0,0,0,98,18,50,5,0,0,0,20.333333333333336,
Vlad Chiriches,Napoli,Defender,5,86,0,0,0,1,90,19,50,4,1,1,0,38.91666666666667,
Elseid Hysaj,Napoli,Defender,13,329,0,40,0,10,89,14,53,3,1,1,1,89.43333333333334,
Kalidou Koulibaly,Napoli,Defender,15,638,2,67,0,5,92,17,46,6,0,3,0,109.25,
Faouzi Ghoulam,Napoli,Defender,11,584,2,71,0,26,89,15,55,3,0,1,0,114.83333333333334,
Raúl Albiol,Napoli,Defender,12,423,0,20,0,5,91,21,51,4,1,1,0,82.05,
Lorenzo Tonelli,Napoli,Defender,0,0,0,0,0,0,0,0,0,0,0,0,0,0.0,
Leandrinho,Napoli,Midfielder,0,0,0,0,0,0,0,0,0,0,0,0,0,0.0,
Allan,Napoli,Midfielder,16,204,2,60,0,10,89,15,40,1,0,1,0,108.6,
Jorginho,Napoli,Midfielder,13,346,2,33,0,14,91,14,34,2,0,3,0,99.625,
Emanuele Giaccherini,Napoli,Midfielder,4,9,0,0,0,1,85,12,100,0,0,2,0,25.5,
Marek Hamsik,Napoli,Midfielder,16,560,1,52,0,25,90,15,52,1,0,0,0,124.8,
Piotr Zielinski,Napoli,Midfielder,14,271,3,44,0,11,91,14,42,1,1,2,0,104.55,
Marko Rog,Napoli,Midfielder,12,21,1,100,0,6,87,12,33,0,0,2,0,69.0,
Adam Ounas,Napoli,Midfielder,6,26,0,33,0,4,84,17,54,0,0,0,0,36.7,
Amadou Diawara,Napoli,Midfielder,8,67,0,0,0,5,92,16,29,1,0,1,0,50.2,
José Callejón,Napoli,Forward,16,434,5,63,0,22,86,16,48,2,0,1,0,138.1,
Dries Mertens,Napoli,Forward,16,532,10,64,0,25,75,13,44,1,0,2,0,156.85,
Lorenzo Insigne,Napoli,Forward,15,696,4,51,0,42,86,13,52,1,0,1,0,148.875,
Alessio Zerbin,Napoli,Forward,0,0,0,0,0,0,0,0,0,0,0,0,0,0.0,
Leonardo Pavoletti,Cagliari,Forward,12,59,3,43,0,11,67,13,44,1,0,2,0,80.75,
Duván Zapata,Sampdoria,Forward,13,203,6,47,0,14,72,14,56,1,0,0,0,106.175,
Arkadiusz Milik,Napoli,Forward,3,63,1,100,0,3,76,11,50,0,0,0,0,26.95,
Vincent Laurini,Fiorentina,Defender,9,117,0,0,0,5,79,19,51,3,0,2,0,61.85,
Cristiano Biraghi,Fiorentina,Defender,14,173,0,0,0,27,77,21,46,5,2,1,0,118.68333333333334,
Vitor Hugo,Fiorentina,Defender,5,38,0,0,0,0,90,17,50,3,0,0,0,35.66666666666667,
Nikola Milenkovic,Fiorentina,Defender,0,0,0,0,0,0,0,0,0,0,0,0,0,0.0,
Davide Astori,Fiorentina,Defender,15,314,1,20,0,5,87,21,54,8,1,4,0,116.25,
Maximiliano Olivera,Fiorentina,Defender,3,13,0,0,0,3,78,22,53,3,0,0,0,29.35,
Germán Pezzella,Fiorentina,Defender,14,267,1,36,0,3,82,22,45,8,1,2,0,101.75,
Bruno Gaspar,Fiorentina,Defender,8,42,0,0,0,6,85,17,42,3,0,1,0,53.9,
Milan Badelj,Fiorentina,Midfielder,13,141,1,13,0,15,83,18,34,4,0,4,1,101.025,
Carlos Sánchez,Fiorentina,Midfielder,6,4,0,0,0,0,83,18,28,2,0,1,0,39.65,
Riccardo Saponara,Fiorentina,Midfielder,3,10,0,0,0,1,75,15,33,0,0,0,0,15.1,
Valentin Eysseric,Fiorentina,Midfielder,8,33,0,0,0,8,80,16,51,0,0,0,0,50.2,
Ianis Hagi,Fiorentina,Midfielder,0,0,0,0,0,0,0,0,0,0,0,0,0,0.0,
Matías Fernández,Fiorentina,Midfielder,0,0,0,0,0,0,0,0,0,0,0,0,0,0.0,
Jordan Veretout,Fiorentina,Midfielder,15,354,3,50,0,23,87,19,43,3,0,3,0,131.75,
Sebastián Cristóforo..,Fiorentina,Midfielder,3,13,0,0,0,1,90,19,42,0,0,0,0,16.9,
Marco Benassi,Fiorentina,Midfielder,14,227,3,58,0,23,81,17,39,2,0,1,0,119.0,
Andrés Schetino,Fiorentina,Midfielder,0,0,0,0,0,0,0,0,0,0,0,0,0,0.0,
Gil Dias,Fiorentina,Midfielder,10,135,1,50,0,12,82,14,47,1,0,0,0,75.25,
Jaime Báez,Fiorentina,Forward,0,0,0,0,0,0,0,0,0,0,0,0,0,0.0,
Ante Rebic,Croatia,Forward,0,0,0,0,0,0,0,0,0,0,0,0,0,0.0,
Giovanni Simeone,Fiorentina,Forward,15,63,5,43,0,12,69,13,30,1,0,1,0,106.0,
Federico Chiesa,Fiorentina,Forward,14,187,3,47,0,16,81,15,51,1,0,3,0,101.8,
Simone Lo Faso,Fiorentina,Forward,1,3,0,0,0,0,82,15,38,1,0,0,0,4.05,
Khouma Babacar,Fiorentina,Forward,11,116,3,62,0,5,82,14,39,0,0,1,0,78.85,
Cyril Théréau,Fiorentina,Forward,11,247,4,63,0,14,80,14,51,1,0,0,0,94.825,
Lisandro López,Benfica,Defender,3,21,0,0,0,0,92,18,64,3,0,0,0,27.8,
Alejandro Grimaldo,Benfica,Defender,8,84,0,0,0,10,81,16,48,4,2,1,0,65.1,
Luisão,Benfica,Defender,14,351,1,40,0,0,86,20,46,7,0,3,0,94.93333333333334,
Douglas,Benfica,Defender,0,0,0,0,0,0,0,0,0,0,0,0,0,0.0,
Branimir Kalaica,Benfica,Defender,0,0,0,0,0,0,0,0,0,0,0,0,0,0.0,
Eliseu,Benfica,Defender,6,16,0,0,0,1,77,17,56,5,0,1,0,49.65,
Jardel,Benfica,Defender,8,168,0,43,0,2,83,20,45,7,1,1,0,62.5,
Rúben Dias,Benfica,Defender,5,100,0,0,0,2,87,22,41,7,0,1,0,46.166666666666664,
Aurélio Buta,Benfica,Defender,0,0,0,0,0,0,0,0,0,0,0,0,0,0.0,
Lubomir Fejsa,Benfica,Midfielder,10,122,0,0,0,2,89,19,37,4,0,3,0,74.5,
Filipe Augusto,Benfica,Midfielder,8,71,0,0,0,5,87,18,34,2,0,1,0,56.2,
Andreas Samaris,Benfica,Midfielder,5,75,1,100,0,2,78,22,41,3,0,0,0,49.875,
André Horta,Sporting Braga,Midfielder,5,91,0,67,0,3,86,17,64,1,0,0,0,37.75,
Filip Krovinovic,Benfica,Midfielder,8,134,1,63,0,3,86,14,66,1,0,0,0,60.4,
Franco Cervi,Benfica,Midfielder,11,170,1,44,0,22,78,14,49,1,0,0,0,89.925,
Rafa,Benfica,Midfielder,5,22,0,67,0,4,67,13,27,0,0,0,0,25.75,
André Carrillo,Benfica,Midfielder,0,0,0,0,0,0,0,0,0,0,0,0,0,0.0,
André Almeida,Benfica,Midfielder,14,268,2,50,0,13,79,17,52,4,0,4,0,116.85,
Martin Chrien,Benfica,Midfielder,1,3,0,0,0,0,77,13,100,1,0,0,0,12.425,
Diogo Gonçalves,Benfica,Midfielder,5,42,0,57,0,7,77,15,42,1,0,0,0,37.875,
João Carvalho,Benfica,Midfielder,0,0,0,0,0,0,0,0,0,0,0,0,0,0.0,
Raúl Jiménez,Benfica,Forward,13,20,0,71,0,6,63,12,46,0,0,2,0,75.05,
Jonas,Benfica,Forward,14,723,16,65,0,23,78,15,50,0,0,1,0,169.8,
Gabriel,Benfica,Forward,1,11,0,0,0,0,100,11,100,0,0,0,0,4.5,
Kostas Mitroglou,Marseille,Forward,3,18,1,57,0,3,56,13,35,0,0,1,0,21.225,
Haris Seferovic,Benfica,Forward,11,120,4,67,0,7,74,13,16,0,0,1,0,84.525,
Andrija Zivkovic,Benfica,Forward,6,72,1,67,0,15,80,17,43,1,0,3,1,50.8,
Eduardo Salvio,Benfica,Forward,12,153,5,59,0,12,79,13,38,2,0,1,0,99.4,
Pizzi,Benfica,Forward,14,261,0,44,0,30,84,20,39,1,0,1,0,109.3,
Chris Willock,Benfica,Forward,0,0,0,0,0,0,0,0,0,0,0,0,0,0.0,
Zé Gomes,Benfica,Forward,0,0,0,0,0,0,0,0,0,0,0,0,0,0.0,
Bogdan Butko,Shakhtar Donetsk,Defender,5,48,0,0,0,1,84,18,41,8,1,1,0,47.916666666666664,
Sergey Krivtsov,Shakhtar Donetsk,Defender,0,0,0,0,0,0,0,0,0,0,0,0,0,0.0,
Davit Khotcholava,Shakhtar Donetsk,Defender,4,9,0,0,0,0,91,22,50,2,0,1,0,26.333333333333336,
Maksim Malyshev,Shakhtar Donetsk,Defender,0,0,0,0,0,0,0,0,0,0,0,0,0,0.0,
Ivan Ordets,Shakhtar Donetsk,Defender,6,87,0,0,0,2,90,20,45,7,0,1,0,52.5,
Ismaily,Shakhtar Donetsk,Defender,6,68,1,50,0,3,81,16,61,4,0,1,0,57.15,
Darijo Srna,Shakhtar Donetsk,Defender,1,18,0,0,0,1,83,24,40,8,0,0,0,29.916666666666664,
Yaroslav Rakitskiy,Shakhtar Donetsk,Defender,5,46,0,100,0,0,87,23,68,7,0,2,1,48.66666666666667,
Márcio Azevedo,Shakhtar Donetsk,Defender,1,11,0,0,0,0,100,17,50,0,0,0,0,5.333333333333334,
Taras Stepanenko,Shakhtar Donetsk,Midfielder,6,47,0,0,0,3,88,18,36,3,0,1,0,50.6,
Fred,Shakhtar Donetsk,Midfielder,6,60,0,60,0,8,84,19,54,2,1,1,0,51.7,
Dentinho,Shakhtar Donetsk,Midfielder,4,5,0,0,0,0,81,11,40,0,0,0,0,20.1,
Bernard,Shakhtar Donetsk,Midfielder,6,99,3,100,0,9,80,16,48,3,1,0,0,73.2,
Marlos,Shakhtar Donetsk,Midfielder,6,145,2,88,0,11,85,16,48,1,0,0,0,58.95,
Alan Patrick,Shakhtar Donetsk,Midfielder,2,34,0,100,0,0,96,17,75,1,0,0,0,18.55,
Ivan Petryak,Zorya Luhansk,Midfielder,0,0,0,0,0,0,0,0,0,0,0,0,0,0.0,
Yuri Glushchuk,Shakhtar Donetsk,Midfielder,0,0,0,0,0,0,0,0,0,0,0,0,0,0.0,
Oleksandr Pikhalyono..,Shakhtar Donetsk,Midfielder,0,0,0,0,0,0,0,0,0,0,0,0,0,0.0,
Viktor Kovalenko,Shakhtar Donetsk,Midfielder,4,35,0,0,0,0,86,15,14,0,0,1,0,17.0,
Taison,Shakhtar Donetsk,Forward,6,88,1,36,0,7,85,15,56,1,0,1,0,41.9,
Facundo Ferreyra,Shakhtar Donetsk,Forward,6,60,2,33,0,6,77,12,30,1,0,1,0,43.0,
Oleksandr Zubkov,Shakhtar Donetsk,Forward,1,0,0,0,0,0,0,0,0,0,0,0,0,2.0,
Artem Dudik,Shakhtar Donetsk,Forward,0,0,0,0,0,0,0,0,0,0,0,0,0,0.0,
Gustavo Blanco,Shakhtar Donetsk,Forward,0,0,0,0,0,0,0,0,0,0,0,0,0,0.0,
Omar Gaber,Basel,Defender,0,0,0,0,0,0,0,0,0,0,0,0,0,0.0,
Michael Lang,Basel,Defender,6,76,2,33,0,3,67,19,37,4,0,1,0,53.55,
Marek Suchy,Basel,Defender,6,150,0,0,0,2,84,21,51,10,1,0,0,64.9,
Éder Balanta,Basel,Defender,6,4,0,0,0,3,69,21,41,9,0,2,0,57.15,
Blás Riveros,Basel,Defender,3,10,1,50,0,1,63,15,29,3,0,0,0,28.05,
Raoul Petretta,Basel,Defender,5,46,0,100,0,4,76,15,43,5,0,2,0,42.333333333333336,
Pedro Pacheco,Basel,Defender,0,0,0,0,0,0,0,0,0,0,0,0,0,0.0,
Manuel Akanji,Basel,Defender,6,88,0,0,0,1,81,20,41,8,0,2,0,51.65,
Luca Zuffi,Basel,Midfielder,6,142,1,50,0,5,86,19,47,3,0,0,0,59.95,
Renato Steffen,Basel,Midfielder,6,27,0,38,0,5,74,16,42,2,0,0,0,46.4,
Alexander Fransson,Basel,Midfielder,3,0,0,0,0,0,75,19,0,0,0,0,0,11.625,
Geoffroy Serey Dié,Basel,Midfielder,3,29,0,50,0,1,92,18,56,1,0,0,0,24.1,
Mohamed Elyounoussi,Basel,Midfielder,6,45,1,60,0,1,71,14,41,3,0,0,0,52.8,
Dereck Kutesa,Basel,Midfielder,0,0,0,0,0,0,0,0,0,0,0,0,0,0.0,
Dominik Schmid,Basel,Midfielder,0,0,0,0,0,0,0,0,0,0,0,0,0,0.0,
Kevin Bua,Basel,Midfielder,3,4,0,0,0,1,58,13,50,0,0,0,0,15.1,
Taulant Xhaka,Basel,Midfielder,5,18,1,50,0,3,87,16,53,2,0,4,0,43.5,
Davide Callà,Basel,Midfielder,0,0,0,0,0,0,0,0,0,0,0,0,0,0.0,
Ricky van Wolfswinke..,Basel,Forward,2,17,1,100,0,1,78,19,0,2,0,0,0,18.15,
Dimitri Oberlin,Basel,Forward,6,133,4,70,0,4,72,13,41,1,0,0,0,54.3,
Albian Ajeti,Basel,Forward,2,14,0,0,0,0,88,13,10,0,0,0,0,8.4,
Neftali Manzambi,Basel,Forward,0,0,0,0,0,0,0,0,0,0,0,0,0,0.0,
Cedric Itten,Basel,Forward,1,2,0,0,0,0,50,8,0,0,0,0,0,3.25,
Afimico Pululu,Basel,Forward,0,0,0,0,0,0,0,0,0,0,0,0,0,0.0,
Player Name,Club,Position,Appearances,Squawka Score,Goals Scored,Shot Accuracy,POTM,Chances Created,Average Pass Accuracy,Average Pass Length,Duels Won,Average Defensive Actions,Defensive Errors,Yellow Cards,Red Cards,Points
Player Name,Club,Position,Appearances,Squawka Score,Goals Scored,Shot Accuracy,POTM,Chances Created,Average Pass Accuracy,Average Pass Length,Duels Won,Average Defensive Actions,Defensive Errors,Yellow Cards,Red Cards,Points
Player Name,Club,Position,Appearances,Squawka Score,Goals Scored,Shot Accuracy,POTM,Chances Created,Average Pass Accuracy,Average Pass Length,Duels Won,Average Defensive Actions,Defensive Errors,Yellow Cards,Red Cards,Points
Player Name,Club,Position,Appearances,Squawka Score,Goals Scored,Shot Accuracy,POTM,Chances Created,Average Pass Accuracy,Average Pass Length,Duels Won,Average Defensive Actions,Defensive Errors,Yellow Cards,Red Cards,Points
Player Name,Club,Position,Appearances,Squawka Score,Goals Scored,Shot Accuracy,POTM,Chances Created,Average Pass Accuracy,Average Pass Length,Duels Won,Average Defensive Actions,Defensive Errors,Yellow Cards,Red Cards,Points
